sample_id,base_sample_id,disease,symptoms,language,input_style,source_type,severity,red_flag,review_status,review_notes
FYP_0001,FYP_0001,Common Cold,runny nose sneezing mild sore throat low grade fever fatigue,English,original_english,fyp_original,pending_review,pending_review,original_unreviewed,
FYP_0002,FYP_0002,Common Cold,blocked nose watery eyes mild headache sneezing cough,English,original_english,fyp_original,pending_review,pending_review,original_unreviewed,
FYP_0003,FYP_0003,Common Cold,nasal congestion sneezing sore throat mild tiredness,English,original_english,fyp_original,pending_review,pending_review,original_unreviewed,
FYP_0004,FYP_0004,Common Cold,stuffy nose mild fever sneezing runny nose body ache,English,original_english,fyp_original,pending_review,pending_review,original_unreviewed,
FYP_0005,FYP_0005,Common Cold,frequent sneezing watery discharge nose mild throat irritation,English,original_english,fyp_original,pending_review,pending_review,original_unreviewed,
FYP_0006,FYP_0006,Common Cold,nasal drip mild cough slight headache sneezing,English,original_english,fyp_original,pending_review,pending_review,original_unreviewed,
FYP_0007,FYP_0007,Common Cold,runny nose congestion mild fever sneezing fatigue,English,original_english,fyp_original,pending_review,pending_review,original_unreviewed,
FYP_0008,FYP_0008,Common Cold,blocked nose throat irritation sneezing mild body pain,English,original_english,fyp_original,pending_review,pending_review,original_unreviewed,
FYP_0009,FYP_0009,Common Cold,runny nose mild sore throat sneezing watery eyes fatigue,English,original_english,fyp_original,pending_review,pending_review,original_unreviewed,
FYP_0010,FYP_0010,Common Cold,nasal congestion sneezing mild fever sore throat,English,original_english,fyp_original,pending_review,pending_review,original_unreviewed,
FYP_0011,FYP_0011,Common Cold,ناک بہنا چھینکیں آنا ہلکا بخار گلے میں خراش تھکاوٹ,Urdu-script,original_urdu_script,fyp_original,pending_review,pending_review,original_unreviewed,
FYP_0012,FYP_0012,Common Cold,بند ناک چھینکیں ہلکا سر درد آنکھوں سے پانی آنا,Urdu-script,original_urdu_script,fyp_original,pending_review,pending_review,original_unreviewed,
FYP_0013,FYP_0013,Common Cold,ناک بند ہونا گلے میں خراش چھینکیں ہلکی تھکاوٹ,Urdu-script,original_urdu_script,fyp_original,pending_review,pending_review,original_unreviewed,
FYP_0014,FYP_0014,Common Cold,چھینکیں ناک بہنا ہلکا بخار جسم میں درد,Urdu-script,original_urdu_script,fyp_original,pending_review,pending_review,original_unreviewed,
FYP_0015,FYP_0015,Common Cold,ناک سے پانی بہنا چھینکیں گلے میں جلن ہلکا سر درد,Urdu-script,original_urdu_script,fyp_original,pending_review,pending_review,original_unreviewed,
FYP_0016,FYP_0016,Flu,high fever chills body aches severe fatigue headache sore throat,English,original_english,fyp_original,pending_review,pending_review,original_unreviewed,
FYP_0017,FYP_0017,Flu,sudden high fever muscle pain joint pain fatigue weakness,English,original_english,fyp_original,pending_review,pending_review,original_unreviewed,
FYP_0018,FYP_0018,Flu,fever above 38 degrees severe body ache headache chills sweating,English,original_english,fyp_original,pending_review,pending_review,original_unreviewed,
FYP_0019,FYP_0019,Flu,high temperature severe muscle aches fatigue loss of appetite,English,original_english,fyp_original,pending_review,pending_review,original_unreviewed,
FYP_0020,FYP_0020,Flu,sudden onset fever chills severe headache muscle pain cough,English,original_english,fyp_original,pending_review,pending_review,original_unreviewed,
FYP_0021,FYP_0021,Flu,high fever sweating body ache weakness loss of appetite nausea,English,original_english,fyp_original,pending_review,pending_review,original_unreviewed,
FYP_0022,FYP_0022,Flu,fever chills severe fatigue muscle ache dry cough sore throat,English,original_english,fyp_original,pending_review,pending_review,original_unreviewed,
FYP_0023,FYP_0023,Flu,abrupt high fever chills severe myalgia headache fatigue,English,original_english,fyp_original,pending_review,pending_review,original_unreviewed,
FYP_0024,FYP_0024,Flu,high fever body ache joint pain severe weakness dry cough,English,original_english,fyp_original,pending_review,pending_review,original_unreviewed,
FYP_0025,FYP_0025,Flu,fever sweating chills muscle pain extreme fatigue headache,English,original_english,fyp_original,pending_review,pending_review,original_unreviewed,
FYP_0026,FYP_0026,Flu,تیز بخار جسم میں درد ٹھنڈ لگنا شدید تھکاوٹ سر درد,Urdu-script,original_urdu_script,fyp_original,pending_review,pending_review,original_unreviewed,
FYP_0027,FYP_0027,Flu,اچانک تیز بخار پٹھوں میں درد جوڑوں میں درد کمزوری,Urdu-script,original_urdu_script,fyp_original,pending_review,pending_review,original_unreviewed,
FYP_0028,FYP_0028,Flu,بخار پسینہ ٹھنڈ لگنا جسم میں درد بھوک نہ لگنا,Urdu-script,original_urdu_script,fyp_original,pending_review,pending_review,original_unreviewed,
FYP_0029,FYP_0029,Flu,تیز بخار سر درد جسم میں شدید درد کھانسی تھکاوٹ,Urdu-script,original_urdu_script,fyp_original,pending_review,pending_review,original_unreviewed,
FYP_0030,FYP_0030,Flu,بخار ٹھنڈ لگنا شدید تھکاوٹ گلے میں درد پٹھوں میں درد,Urdu-script,original_urdu_script,fyp_original,pending_review,pending_review,original_unreviewed,
FYP_0031,FYP_0031,Pneumonia,chest pain difficulty breathing high fever productive cough,English,original_english,fyp_original,pending_review,pending_review,original_unreviewed,
FYP_0032,FYP_0032,Pneumonia,shortness of breath fever cough with yellow sputum chest tightness,English,original_english,fyp_original,pending_review,pending_review,original_unreviewed,
FYP_0033,FYP_0033,Pneumonia,breathlessness high temperature chest pain coughing phlegm,English,original_english,fyp_original,pending_review,pending_review,original_unreviewed,
FYP_0034,FYP_0034,Pneumonia,difficulty breathing fever chills chest pain cough with mucus,English,original_english,fyp_original,pending_review,pending_review,original_unreviewed,
FYP_0035,FYP_0035,Pneumonia,rapid breathing fever sweating chest pain cough rusty sputum,English,original_english,fyp_original,pending_review,pending_review,original_unreviewed,
FYP_0036,FYP_0036,Pneumonia,breathing difficulty high fever chest discomfort productive cough,English,original_english,fyp_original,pending_review,pending_review,original_unreviewed,
FYP_0037,FYP_0037,Pneumonia,shortness of breath fever chills cough with phlegm chest pain,English,original_english,fyp_original,pending_review,pending_review,original_unreviewed,
FYP_0038,FYP_0038,Pneumonia,labored breathing fever cough with yellow green mucus chest tightness,English,original_english,fyp_original,pending_review,pending_review,original_unreviewed,
FYP_0039,FYP_0039,Pneumonia,chest pain high fever difficulty breathing cough sputum,English,original_english,fyp_original,pending_review,pending_review,original_unreviewed,
FYP_0040,FYP_0040,Pneumonia,breathlessness fever sweating chest tightness coughing mucus,English,original_english,fyp_original,pending_review,pending_review,original_unreviewed,
FYP_0041,FYP_0041,Pneumonia,سینے میں درد سانس لینے میں دشواری تیز بخار بلغم والی کھانسی,Urdu-script,original_urdu_script,fyp_original,pending_review,pending_review,original_unreviewed,
FYP_0042,FYP_0042,Pneumonia,سانس پھولنا بخار سینے میں تکلیف کھانسی بلغم,Urdu-script,original_urdu_script,fyp_original,pending_review,pending_review,original_unreviewed,
FYP_0043,FYP_0043,Pneumonia,سانس میں تکلیف تیز بخار سینے میں درد کھانسی بلغم آنا,Urdu-script,original_urdu_script,fyp_original,pending_review,pending_review,original_unreviewed,
FYP_0044,FYP_0044,Pneumonia,سینے میں درد تیز بخار سانس لینے میں دشواری بلغم,Urdu-script,original_urdu_script,fyp_original,pending_review,pending_review,original_unreviewed,
FYP_0045,FYP_0045,Pneumonia,سانس پھولنا تیز بخار سینے میں تکلیف کھانسی,Urdu-script,original_urdu_script,fyp_original,pending_review,pending_review,original_unreviewed,
FYP_0046,FYP_0046,Heart Attack,severe chest pain radiating to left arm jaw pain sweating,English,original_english,fyp_original,pending_review,pending_review,original_unreviewed,
FYP_0047,FYP_0047,Heart Attack,crushing chest pressure shortness of breath sweating nausea,English,original_english,fyp_original,pending_review,pending_review,original_unreviewed,
FYP_0048,FYP_0048,Heart Attack,chest tightness left arm pain jaw pain cold sweat dizziness,English,original_english,fyp_original,pending_review,pending_review,original_unreviewed,
FYP_0049,FYP_0049,Heart Attack,sudden severe chest pain sweating shortness of breath,English,original_english,fyp_original,pending_review,pending_review,original_unreviewed,
FYP_0050,FYP_0050,Heart Attack,chest pressure radiating arm pain nausea sweating fainting,English,original_english,fyp_original,pending_review,pending_review,original_unreviewed,
FYP_0051,FYP_0051,Heart Attack,sudden chest pain left shoulder pain sweating breathlessness,English,original_english,fyp_original,pending_review,pending_review,original_unreviewed,
FYP_0052,FYP_0052,Heart Attack,severe chest tightness pain in left arm cold sweat nausea,English,original_english,fyp_original,pending_review,pending_review,original_unreviewed,
FYP_0053,FYP_0053,Heart Attack,crushing chest pain jaw pain shortness of breath sweating,English,original_english,fyp_original,pending_review,pending_review,original_unreviewed,
FYP_0054,FYP_0054,Heart Attack,sudden chest pressure arm pain dizziness sweating nausea,English,original_english,fyp_original,pending_review,pending_review,original_unreviewed,
FYP_0055,FYP_0055,Heart Attack,chest pain radiation to left arm jaw dizziness cold sweat,English,original_english,fyp_original,pending_review,pending_review,original_unreviewed,
FYP_0056,FYP_0056,Heart Attack,سینے میں شدید درد بائیں بازو میں درد پسینہ سانس پھولنا,Urdu-script,original_urdu_script,fyp_original,pending_review,pending_review,original_unreviewed,
FYP_0057,FYP_0057,Heart Attack,سینے پر دباؤ جبڑے میں درد پسینہ متلی بے ہوشی,Urdu-script,original_urdu_script,fyp_original,pending_review,pending_review,original_unreviewed,
FYP_0058,FYP_0058,Heart Attack,اچانک سینے میں درد بازو میں درد پسینہ سانس لینے میں دشواری,Urdu-script,original_urdu_script,fyp_original,pending_review,pending_review,original_unreviewed,
FYP_0059,FYP_0059,Heart Attack,سینے میں تکلیف بائیں بازو میں درد سردا پسینہ چکر,Urdu-script,original_urdu_script,fyp_original,pending_review,pending_review,original_unreviewed,
FYP_0060,FYP_0060,Heart Attack,سینے کا درد جبڑے میں درد پسینہ متلی,Urdu-script,original_urdu_script,fyp_original,pending_review,pending_review,original_unreviewed,
FYP_0061,FYP_0061,Stroke,sudden numbness one side of face arm weakness slurred speech,English,original_english,fyp_original,pending_review,pending_review,original_unreviewed,
FYP_0062,FYP_0062,Stroke,sudden confusion severe headache vision loss dizziness,English,original_english,fyp_original,pending_review,pending_review,original_unreviewed,
FYP_0063,FYP_0063,Stroke,facial drooping arm weakness sudden speech difficulty,English,original_english,fyp_original,pending_review,pending_review,original_unreviewed,
FYP_0064,FYP_0064,Stroke,sudden severe headache loss of vision one side weakness,English,original_english,fyp_original,pending_review,pending_review,original_unreviewed,
FYP_0065,FYP_0065,Stroke,sudden weakness one side body slurred speech confusion,English,original_english,fyp_original,pending_review,pending_review,original_unreviewed,
FYP_0066,FYP_0066,Stroke,face drooping arm numbness speech difficulty sudden onset,English,original_english,fyp_original,pending_review,pending_review,original_unreviewed,
FYP_0067,FYP_0067,Stroke,sudden loss of balance vision loss severe headache weakness,English,original_english,fyp_original,pending_review,pending_review,original_unreviewed,
FYP_0068,FYP_0068,Stroke,one sided weakness face drooping slurred speech sudden onset,English,original_english,fyp_original,pending_review,pending_review,original_unreviewed,
FYP_0069,FYP_0069,Stroke,sudden arm weakness face numbness speech problems,English,original_english,fyp_original,pending_review,pending_review,original_unreviewed,
FYP_0070,FYP_0070,Stroke,severe sudden headache vision blurred face numbness weakness,English,original_english,fyp_original,pending_review,pending_review,original_unreviewed,
FYP_0071,FYP_0071,Stroke,اچانک جسم کے ایک طرف کمزوری چہرہ ٹیڑھا ہونا بولنے میں دشواری,Urdu-script,original_urdu_script,fyp_original,pending_review,pending_review,original_unreviewed,
FYP_0072,FYP_0072,Stroke,اچانک شدید سر درد آنکھوں سے کم نظر آنا چکر آنا,Urdu-script,original_urdu_script,fyp_original,pending_review,pending_review,original_unreviewed,
FYP_0073,FYP_0073,Stroke,چہرے کا ایک طرف ڈھلکنا بازو میں کمزوری بولنے میں دشواری,Urdu-script,original_urdu_script,fyp_original,pending_review,pending_review,original_unreviewed,
FYP_0074,FYP_0074,Stroke,اچانک ایک طرف کمزوری بولنے میں مشکل الجھن,Urdu-script,original_urdu_script,fyp_original,pending_review,pending_review,original_unreviewed,
FYP_0075,FYP_0075,Stroke,شدید سر درد آنکھوں سے نہ دکھنا چہرہ ٹیڑھا ہونا,Urdu-script,original_urdu_script,fyp_original,pending_review,pending_review,original_unreviewed,
FYP_0076,FYP_0076,Meningitis,severe headache stiff neck high fever sensitivity to light vomiting,English,original_english,fyp_original,pending_review,pending_review,original_unreviewed,
FYP_0077,FYP_0077,Meningitis,neck stiffness fever photophobia severe headache nausea,English,original_english,fyp_original,pending_review,pending_review,original_unreviewed,
FYP_0078,FYP_0078,Meningitis,stiff neck severe headache high fever light sensitivity rash,English,original_english,fyp_original,pending_review,pending_review,original_unreviewed,
FYP_0079,FYP_0079,Meningitis,neck rigidity fever headache vomiting confusion light sensitivity,English,original_english,fyp_original,pending_review,pending_review,original_unreviewed,
FYP_0080,FYP_0080,Meningitis,severe headache neck stiffness fever rash vomiting,English,original_english,fyp_original,pending_review,pending_review,original_unreviewed,
FYP_0081,FYP_0081,Meningitis,stiff neck high fever severe headache nausea photophobia,English,original_english,fyp_original,pending_review,pending_review,original_unreviewed,
FYP_0082,FYP_0082,Meningitis,neck stiffness fever confusion headache sensitivity to light,English,original_english,fyp_original,pending_review,pending_review,original_unreviewed,
FYP_0083,FYP_0083,Meningitis,severe headache neck rigidity fever vomiting light hurts eyes,English,original_english,fyp_original,pending_review,pending_review,original_unreviewed,
FYP_0084,FYP_0084,Meningitis,stiff painful neck fever headache rash confusion,English,original_english,fyp_original,pending_review,pending_review,original_unreviewed,
FYP_0085,FYP_0085,Meningitis,neck stiffness high fever headache photophobia vomiting rash,English,original_english,fyp_original,pending_review,pending_review,original_unreviewed,
FYP_0086,FYP_0086,Meningitis,گردن اکڑنا شدید سر درد تیز بخار روشنی سے تکلیف قے,Urdu-script,original_urdu_script,fyp_original,pending_review,pending_review,original_unreviewed,
FYP_0087,FYP_0087,Meningitis,گردن میں سختی بخار روشنی سے تکلیف شدید سر درد,Urdu-script,original_urdu_script,fyp_original,pending_review,pending_review,original_unreviewed,
FYP_0088,FYP_0088,Meningitis,گردن اکڑنا تیز بخار شدید سر درد قے الجھن,Urdu-script,original_urdu_script,fyp_original,pending_review,pending_review,original_unreviewed,
FYP_0089,FYP_0089,Meningitis,گردن میں درد بخار سر درد قے روشنی سے تکلیف,Urdu-script,original_urdu_script,fyp_original,pending_review,pending_review,original_unreviewed,
FYP_0090,FYP_0090,Meningitis,گردن میں اکڑاہٹ تیز بخار شدید سر درد الجھن,Urdu-script,original_urdu_script,fyp_original,pending_review,pending_review,original_unreviewed,
FYP_0091,FYP_0091,Appendicitis,severe pain lower right abdomen nausea vomiting fever,English,original_english,fyp_original,pending_review,pending_review,original_unreviewed,
FYP_0092,FYP_0092,Appendicitis,sharp pain right side abdomen fever loss of appetite nausea,English,original_english,fyp_original,pending_review,pending_review,original_unreviewed,
FYP_0093,FYP_0093,Appendicitis,abdominal pain lower right side vomiting fever tenderness,English,original_english,fyp_original,pending_review,pending_review,original_unreviewed,
FYP_0094,FYP_0094,Appendicitis,right lower abdominal pain nausea fever cannot eat,English,original_english,fyp_original,pending_review,pending_review,original_unreviewed,
FYP_0095,FYP_0095,Appendicitis,sudden severe abdominal pain right side fever vomiting,English,original_english,fyp_original,pending_review,pending_review,original_unreviewed,
FYP_0096,FYP_0096,Appendicitis,pain lower right belly nausea vomiting fever rebound tenderness,English,original_english,fyp_original,pending_review,pending_review,original_unreviewed,
FYP_0097,FYP_0097,Appendicitis,severe right abdominal pain fever nausea loss of appetite,English,original_english,fyp_original,pending_review,pending_review,original_unreviewed,
FYP_0098,FYP_0098,Appendicitis,sharp lower right pain fever vomiting cannot walk straight,English,original_english,fyp_original,pending_review,pending_review,original_unreviewed,
FYP_0099,FYP_0099,Appendicitis,right sided belly pain fever nausea vomiting,English,original_english,fyp_original,pending_review,pending_review,original_unreviewed,
FYP_0100,FYP_0100,Appendicitis,severe abdominal pain right lower quadrant fever nausea vomiting,English,original_english,fyp_original,pending_review,pending_review,original_unreviewed,
FYP_0101,FYP_0101,Appendicitis,پیٹ کے دائیں نیچے شدید درد متلی قے بخار,Urdu-script,original_urdu_script,fyp_original,pending_review,pending_review,original_unreviewed,
FYP_0102,FYP_0102,Appendicitis,پیٹ کے دائیں طرف درد بخار کھانے سے انکار,Urdu-script,original_urdu_script,fyp_original,pending_review,pending_review,original_unreviewed,
FYP_0103,FYP_0103,Appendicitis,اچانک پیٹ میں درد دائیں طرف بخار قے,Urdu-script,original_urdu_script,fyp_original,pending_review,pending_review,original_unreviewed,
FYP_0104,FYP_0104,Appendicitis,پیٹ کے نیچے دائیں درد بخار متلی قے,Urdu-script,original_urdu_script,fyp_original,pending_review,pending_review,original_unreviewed,
FYP_0105,FYP_0105,Appendicitis,شدید پیٹ درد دائیں طرف بخار متلی,Urdu-script,original_urdu_script,fyp_original,pending_review,pending_review,original_unreviewed,
FYP_0106,FYP_0106,Dengue Fever,high fever severe body ache pain behind eyes rash vomiting,English,original_english,fyp_original,pending_review,pending_review,original_unreviewed,
FYP_0107,FYP_0107,Dengue Fever,sudden high fever joint pain muscle pain rash weakness,English,original_english,fyp_original,pending_review,pending_review,original_unreviewed,
FYP_0108,FYP_0108,Dengue Fever,fever severe muscle ache headache rash behind eyes pain,English,original_english,fyp_original,pending_review,pending_review,original_unreviewed,
FYP_0109,FYP_0109,Dengue Fever,high fever body ache pain eyes rash dengue,English,original_english,fyp_original,pending_review,pending_review,original_unreviewed,
FYP_0110,FYP_0110,Dengue Fever,fever joint pain rash weakness vomiting dengue symptoms,English,original_english,fyp_original,pending_review,pending_review,original_unreviewed,
FYP_0111,FYP_0111,Dengue Fever,sudden fever severe body pain rash platelets low,English,original_english,fyp_original,pending_review,pending_review,original_unreviewed,
FYP_0112,FYP_0112,Dengue Fever,high fever extreme fatigue body ache rash behind eyes pain,English,original_english,fyp_original,pending_review,pending_review,original_unreviewed,
FYP_0113,FYP_0113,Dengue Fever,fever headache muscle pain joint pain rash dengue,English,original_english,fyp_original,pending_review,pending_review,original_unreviewed,
FYP_0114,FYP_0114,Dengue Fever,high fever pain behind eyes rash joint pain weakness,English,original_english,fyp_original,pending_review,pending_review,original_unreviewed,
FYP_0115,FYP_0115,Dengue Fever,sudden fever severe ache rash pain eyes dengue,English,original_english,fyp_original,pending_review,pending_review,original_unreviewed,
FYP_0116,FYP_0116,Dengue Fever,تیز بخار جسم میں شدید درد آنکھوں کے پیچھے درد خارش,Urdu-script,original_urdu_script,fyp_original,pending_review,pending_review,original_unreviewed,
FYP_0117,FYP_0117,Dengue Fever,اچانک تیز بخار جوڑوں میں درد جسم میں درد خارش,Urdu-script,original_urdu_script,fyp_original,pending_review,pending_review,original_unreviewed,
FYP_0118,FYP_0118,Dengue Fever,بخار جسم میں درد آنکھوں میں درد کمزوری,Urdu-script,original_urdu_script,fyp_original,pending_review,pending_review,original_unreviewed,
FYP_0119,FYP_0119,Dengue Fever,ڈینگی بخار جسم درد خارش پلیٹلیٹ کم,Urdu-script,original_urdu_script,fyp_original,pending_review,pending_review,original_unreviewed,
FYP_0120,FYP_0120,Dengue Fever,تیز بخار شدید جسم درد خارش آنکھوں کے پیچھے درد,Urdu-script,original_urdu_script,fyp_original,pending_review,pending_review,original_unreviewed,
FYP_0121,FYP_0121,Typhoid,prolonged fever abdominal pain constipation or diarrhea weakness,English,original_english,fyp_original,pending_review,pending_review,original_unreviewed,
FYP_0122,FYP_0122,Typhoid,continuous fever stomach pain weakness constipation typhoid,English,original_english,fyp_original,pending_review,pending_review,original_unreviewed,
FYP_0123,FYP_0123,Typhoid,high fever for many days abdominal pain loss of appetite,English,original_english,fyp_original,pending_review,pending_review,original_unreviewed,
FYP_0124,FYP_0124,Typhoid,persistent fever stomach cramps weakness diarrhea constipation,English,original_english,fyp_original,pending_review,pending_review,original_unreviewed,
FYP_0125,FYP_0125,Typhoid,continuous high fever abdominal pain weak appetite constipation,English,original_english,fyp_original,pending_review,pending_review,original_unreviewed,
FYP_0126,FYP_0126,Typhoid,prolonged fever abdominal cramps constipation weakness typhoid,English,original_english,fyp_original,pending_review,pending_review,original_unreviewed,
FYP_0127,FYP_0127,Typhoid,high fever for weeks stomach pain weakness loss of appetite,English,original_english,fyp_original,pending_review,pending_review,original_unreviewed,
FYP_0128,FYP_0128,Typhoid,constant fever abdominal pain diarrhea or constipation weakness,English,original_english,fyp_original,pending_review,pending_review,original_unreviewed,
FYP_0129,FYP_0129,Typhoid,persistent fever stomach pain weakness no appetite,English,original_english,fyp_original,pending_review,pending_review,original_unreviewed,
FYP_0130,FYP_0130,Typhoid,continuous fever abdominal pain constipation diarrhea,English,original_english,fyp_original,pending_review,pending_review,original_unreviewed,
FYP_0131,FYP_0131,Typhoid,مسلسل بخار پیٹ میں درد قبض یا اسہال کمزوری,Urdu-script,original_urdu_script,fyp_original,pending_review,pending_review,original_unreviewed,
FYP_0132,FYP_0132,Typhoid,لمبے عرصے تک بخار پیٹ میں درد کمزوری ٹائفائیڈ,Urdu-script,original_urdu_script,fyp_original,pending_review,pending_review,original_unreviewed,
FYP_0133,FYP_0133,Typhoid,مسلسل تیز بخار پیٹ میں تکلیف بھوک نہ لگنا,Urdu-script,original_urdu_script,fyp_original,pending_review,pending_review,original_unreviewed,
FYP_0134,FYP_0134,Typhoid,ہفتوں تک بخار پیٹ درد کمزوری قبض,Urdu-script,original_urdu_script,fyp_original,pending_review,pending_review,original_unreviewed,
FYP_0135,FYP_0135,Typhoid,مسلسل بخار پیٹ درد کمزوری بھوک کم ہونا,Urdu-script,original_urdu_script,fyp_original,pending_review,pending_review,original_unreviewed,
FYP_0136,FYP_0136,Diabetes,excessive thirst frequent urination fatigue blurred vision,English,original_english,fyp_original,pending_review,pending_review,original_unreviewed,
FYP_0137,FYP_0137,Diabetes,increased urination excessive hunger weight loss fatigue,English,original_english,fyp_original,pending_review,pending_review,original_unreviewed,
FYP_0138,FYP_0138,Diabetes,frequent urination polydipsia blurred vision slow healing wounds,English,original_english,fyp_original,pending_review,pending_review,original_unreviewed,
FYP_0139,FYP_0139,Diabetes,extreme thirst frequent urination unexplained weight loss fatigue,English,original_english,fyp_original,pending_review,pending_review,original_unreviewed,
FYP_0140,FYP_0140,Diabetes,frequent urination hunger thirst fatigue blurred vision diabetes,English,original_english,fyp_original,pending_review,pending_review,original_unreviewed,
FYP_0141,FYP_0141,Diabetes,increased thirst urination fatigue slow wound healing,English,original_english,fyp_original,pending_review,pending_review,original_unreviewed,
FYP_0142,FYP_0142,Diabetes,polydipsia polyuria fatigue blurred vision weight loss,English,original_english,fyp_original,pending_review,pending_review,original_unreviewed,
FYP_0143,FYP_0143,Diabetes,excessive thirst urination hunger fatigue cuts not healing,English,original_english,fyp_original,pending_review,pending_review,original_unreviewed,
FYP_0144,FYP_0144,Diabetes,increased thirst frequent urination unexplained fatigue blurred vision,English,original_english,fyp_original,pending_review,pending_review,original_unreviewed,
FYP_0145,FYP_0145,Diabetes,excessive hunger thirst frequent urination fatigue,English,original_english,fyp_original,pending_review,pending_review,original_unreviewed,
FYP_0146,FYP_0146,Diabetes,بہت زیادہ پیاس بار بار پیشاب تھکاوٹ آنکھوں کا دھندلانا,Urdu-script,original_urdu_script,fyp_original,pending_review,pending_review,original_unreviewed,
FYP_0147,FYP_0147,Diabetes,پیشاب زیادہ آنا پیاس زیادہ لگنا کمزوری ذیابیطس,Urdu-script,original_urdu_script,fyp_original,pending_review,pending_review,original_unreviewed,
FYP_0148,FYP_0148,Diabetes,بہت پیاس لگنا بار بار پیشاب بھوک زیادہ لگنا تھکاوٹ,Urdu-script,original_urdu_script,fyp_original,pending_review,pending_review,original_unreviewed,
FYP_0149,FYP_0149,Diabetes,ذیابیطس پیاس پیشاب تھکاوٹ زخم ٹھیک نہ ہونا,Urdu-script,original_urdu_script,fyp_original,pending_review,pending_review,original_unreviewed,
FYP_0150,FYP_0150,Diabetes,زیادہ پیاس بار بار پیشاب وزن کم ہونا تھکاوٹ,Urdu-script,original_urdu_script,fyp_original,pending_review,pending_review,original_unreviewed,
FYP_0151,FYP_0151,Asthma,wheezing shortness of breath chest tightness cough at night,English,original_english,fyp_original,pending_review,pending_review,original_unreviewed,
FYP_0152,FYP_0152,Asthma,difficulty breathing whistling sound chest tightness dry cough,English,original_english,fyp_original,pending_review,pending_review,original_unreviewed,
FYP_0153,FYP_0153,Asthma,wheezing breathlessness chest tightness cough cold air triggers,English,original_english,fyp_original,pending_review,pending_review,original_unreviewed,
FYP_0154,FYP_0154,Asthma,shortness of breath wheezing chest tightness cough exercise induced,English,original_english,fyp_original,pending_review,pending_review,original_unreviewed,
FYP_0155,FYP_0155,Asthma,breathing difficulty wheezing cough chest tightness asthma,English,original_english,fyp_original,pending_review,pending_review,original_unreviewed,
FYP_0156,FYP_0156,Asthma,wheezing breathlessness chest tightness at night dry cough,English,original_english,fyp_original,pending_review,pending_review,original_unreviewed,
FYP_0157,FYP_0157,Asthma,difficulty breathing wheezing chest tightness coughing at night,English,original_english,fyp_original,pending_review,pending_review,original_unreviewed,
FYP_0158,FYP_0158,Asthma,breathlessness whistling breath chest tight cough asthma,English,original_english,fyp_original,pending_review,pending_review,original_unreviewed,
FYP_0159,FYP_0159,Asthma,shortness of breath chest tightness cough wheezing,English,original_english,fyp_original,pending_review,pending_review,original_unreviewed,
FYP_0160,FYP_0160,Asthma,wheezing breathing difficulty chest tightness dry cough,English,original_english,fyp_original,pending_review,pending_review,original_unreviewed,
FYP_0161,FYP_0161,Asthma,سانس لینے میں دشواری سینے میں جکڑن رات کو کھانسی سانس کی آواز,Urdu-script,original_urdu_script,fyp_original,pending_review,pending_review,original_unreviewed,
FYP_0162,FYP_0162,Asthma,سانس پھولنا سینے میں سکڑن کھانسی دمہ,Urdu-script,original_urdu_script,fyp_original,pending_review,pending_review,original_unreviewed,
FYP_0163,FYP_0163,Asthma,سانس لینے میں تکلیف سینے میں جکڑن کھانسی,Urdu-script,original_urdu_script,fyp_original,pending_review,pending_review,original_unreviewed,
FYP_0164,FYP_0164,Asthma,دمہ سانس پھولنا سینے میں تکلیف رات کو کھانسی,Urdu-script,original_urdu_script,fyp_original,pending_review,pending_review,original_unreviewed,
FYP_0165,FYP_0165,Asthma,سانس میں آواز سینے میں جکڑن سانس لینے میں دشواری کھانسی,Urdu-script,original_urdu_script,fyp_original,pending_review,pending_review,original_unreviewed,
FYP_0166,FYP_0166,Hypertension,severe headache dizziness nausea blurred vision high blood pressure,English,original_english,fyp_original,pending_review,pending_review,original_unreviewed,
FYP_0167,FYP_0167,Hypertension,headache back of head dizziness blurred vision hypertension,English,original_english,fyp_original,pending_review,pending_review,original_unreviewed,
FYP_0168,FYP_0168,Hypertension,severe throbbing headache dizziness nausea high BP,English,original_english,fyp_original,pending_review,pending_review,original_unreviewed,
FYP_0169,FYP_0169,Hypertension,headache blurred vision dizziness nausea high blood pressure,English,original_english,fyp_original,pending_review,pending_review,original_unreviewed,
FYP_0170,FYP_0170,Hypertension,hypertension headache dizziness shortness of breath,English,original_english,fyp_original,pending_review,pending_review,original_unreviewed,
FYP_0171,FYP_0171,Hypertension,high blood pressure headache dizziness blurred vision nausea,English,original_english,fyp_original,pending_review,pending_review,original_unreviewed,
FYP_0172,FYP_0172,Hypertension,throbbing headache dizziness blurred vision hypertension,English,original_english,fyp_original,pending_review,pending_review,original_unreviewed,
FYP_0173,FYP_0173,Hypertension,headache neck pain dizziness blurred vision high BP,English,original_english,fyp_original,pending_review,pending_review,original_unreviewed,
FYP_0174,FYP_0174,Hypertension,severe headache dizziness hypertension nausea blurred vision,English,original_english,fyp_original,pending_review,pending_review,original_unreviewed,
FYP_0175,FYP_0175,Hypertension,blood pressure high headache dizziness blurred vision,English,original_english,fyp_original,pending_review,pending_review,original_unreviewed,
FYP_0176,FYP_0176,Hypertension,شدید سر درد چکر آنا متلی آنکھوں کا دھندلانا ہائی بلڈ پریشر,Urdu-script,original_urdu_script,fyp_original,pending_review,pending_review,original_unreviewed,
FYP_0177,FYP_0177,Hypertension,سر درد چکر ہائی بلڈ پریشر دھندلا نظر آنا,Urdu-script,original_urdu_script,fyp_original,pending_review,pending_review,original_unreviewed,
FYP_0178,FYP_0178,Hypertension,تیز سر درد چکر آنا متلی بلڈ پریشر زیادہ,Urdu-script,original_urdu_script,fyp_original,pending_review,pending_review,original_unreviewed,
FYP_0179,FYP_0179,Hypertension,سر درد دھندلا نظر آنا چکر آنا بلڈ پریشر,Urdu-script,original_urdu_script,fyp_original,pending_review,pending_review,original_unreviewed,
FYP_0180,FYP_0180,Hypertension,ہائی بی پی سر درد چکر دھندلا نظر آنا متلی,Urdu-script,original_urdu_script,fyp_original,pending_review,pending_review,original_unreviewed,
FYP_0181,FYP_0181,Migraine,severe one-sided headache nausea vomiting light sensitivity,English,original_english,fyp_original,pending_review,pending_review,original_unreviewed,
FYP_0182,FYP_0182,Migraine,throbbing headache one side nausea vomiting photophobia,English,original_english,fyp_original,pending_review,pending_review,original_unreviewed,
FYP_0183,FYP_0183,Migraine,pulsating headache nausea light sensitivity vomiting migraine,English,original_english,fyp_original,pending_review,pending_review,original_unreviewed,
FYP_0184,FYP_0184,Migraine,severe headache one side vomiting light hurts noise sensitivity,English,original_english,fyp_original,pending_review,pending_review,original_unreviewed,
FYP_0185,FYP_0185,Migraine,one sided severe headache nausea photophobia aura migraine,English,original_english,fyp_original,pending_review,pending_review,original_unreviewed,
FYP_0186,FYP_0186,Migraine,throbbing one sided headache nausea vomiting sensitivity light,English,original_english,fyp_original,pending_review,pending_review,original_unreviewed,
FYP_0187,FYP_0187,Migraine,severe headache nausea vomiting light sensitivity noise sensitivity,English,original_english,fyp_original,pending_review,pending_review,original_unreviewed,
FYP_0188,FYP_0188,Migraine,pulsating one sided headache nausea vomiting photophobia,English,original_english,fyp_original,pending_review,pending_review,original_unreviewed,
FYP_0189,FYP_0189,Migraine,migraine throbbing headache nausea light sensitivity vomiting,English,original_english,fyp_original,pending_review,pending_review,original_unreviewed,
FYP_0190,FYP_0190,Migraine,severe one side head pain nausea light sensitivity vomiting,English,original_english,fyp_original,pending_review,pending_review,original_unreviewed,
FYP_0191,FYP_0191,Migraine,ایک طرف شدید سر درد متلی قے روشنی سے تکلیف,Urdu-script,original_urdu_script,fyp_original,pending_review,pending_review,original_unreviewed,
FYP_0192,FYP_0192,Migraine,دھڑکتا سر درد ایک طرف متلی قے روشنی سے تکلیف,Urdu-script,original_urdu_script,fyp_original,pending_review,pending_review,original_unreviewed,
FYP_0193,FYP_0193,Migraine,شدید سر درد ایک طرف متلی قے روشنی کا برداشت نہ ہونا,Urdu-script,original_urdu_script,fyp_original,pending_review,pending_review,original_unreviewed,
FYP_0194,FYP_0194,Migraine,سر میں ایک طرف درد متلی قے روشنی اور آواز سے تکلیف,Urdu-script,original_urdu_script,fyp_original,pending_review,pending_review,original_unreviewed,
FYP_0195,FYP_0195,Migraine,مائیگرین سر درد متلی قے روشنی سے تکلیف,Urdu-script,original_urdu_script,fyp_original,pending_review,pending_review,original_unreviewed,
FYP_0196,FYP_0196,Skin Allergy,itchy skin rash redness hives contact allergy,English,original_english,fyp_original,pending_review,pending_review,original_unreviewed,
FYP_0197,FYP_0197,Skin Allergy,skin rash itching redness swelling allergic reaction,English,original_english,fyp_original,pending_review,pending_review,original_unreviewed,
FYP_0198,FYP_0198,Skin Allergy,itchy red patches skin rash allergy hives,English,original_english,fyp_original,pending_review,pending_review,original_unreviewed,
FYP_0199,FYP_0199,Skin Allergy,skin itching redness rash hives allergic contact,English,original_english,fyp_original,pending_review,pending_review,original_unreviewed,
FYP_0200,FYP_0200,Skin Allergy,rash red skin itchy hives allergy,English,original_english,fyp_original,pending_review,pending_review,original_unreviewed,
FYP_0201,FYP_0201,Skin Allergy,itching skin redness patches rash allergic,English,original_english,fyp_original,pending_review,pending_review,original_unreviewed,
FYP_0202,FYP_0202,Skin Allergy,skin allergy itchy rash hives redness,English,original_english,fyp_original,pending_review,pending_review,original_unreviewed,
FYP_0203,FYP_0203,Skin Allergy,red itchy skin rash allergic reaction hives,English,original_english,fyp_original,pending_review,pending_review,original_unreviewed,
FYP_0204,FYP_0204,Skin Allergy,skin itching redness rash allergy contact dermatitis,English,original_english,fyp_original,pending_review,pending_review,original_unreviewed,
FYP_0205,FYP_0205,Skin Allergy,itchy rash hives redness skin allergy,English,original_english,fyp_original,pending_review,pending_review,original_unreviewed,
FYP_0206,FYP_0206,Skin Allergy,کھجلی خارش جلد پر سرخ دھبے الرجی,Urdu-script,original_urdu_script,fyp_original,pending_review,pending_review,original_unreviewed,
FYP_0207,FYP_0207,Skin Allergy,جلد پر خارش سرخی خارش الرجک رد عمل,Urdu-script,original_urdu_script,fyp_original,pending_review,pending_review,original_unreviewed,
FYP_0208,FYP_0208,Skin Allergy,خارش والی جلد سرخ دھبے الرجی چھالے,Urdu-script,original_urdu_script,fyp_original,pending_review,pending_review,original_unreviewed,
FYP_0209,FYP_0209,Skin Allergy,جلد کی الرجی کھجلی خارش سرخی سوجن,Urdu-script,original_urdu_script,fyp_original,pending_review,pending_review,original_unreviewed,
FYP_0210,FYP_0210,Skin Allergy,کھجلی جلد پر دھبے سرخی الرجی,Urdu-script,original_urdu_script,fyp_original,pending_review,pending_review,original_unreviewed,
FYP_0211,FYP_0211,Food Poisoning,vomiting diarrhea nausea stomach cramps after eating,English,original_english,fyp_original,pending_review,pending_review,original_unreviewed,
FYP_0212,FYP_0212,Food Poisoning,nausea vomiting diarrhea stomach pain after bad food,English,original_english,fyp_original,pending_review,pending_review,original_unreviewed,
FYP_0213,FYP_0213,Typhoid,stomach pain diarrhea vomiting nausea food contamination,English,original_english,fyp_original,pending_review,pending_review,original_unreviewed,
FYP_0214,FYP_0214,Food Poisoning,vomiting nausea abdominal cramps diarrhea food poisoning,English,original_english,fyp_original,pending_review,pending_review,original_unreviewed,
FYP_0215,FYP_0215,Food Poisoning,stomach cramps vomiting diarrhea nausea after eating,English,original_english,fyp_original,pending_review,pending_review,original_unreviewed,
FYP_0216,FYP_0216,Food Poisoning,nausea vomiting diarrhea stomach cramps food poisoning,English,original_english,fyp_original,pending_review,pending_review,original_unreviewed,
FYP_0217,FYP_0217,Food Poisoning,vomiting diarrhea nausea stomach pain contaminated food,English,original_english,fyp_original,pending_review,pending_review,original_unreviewed,
FYP_0218,FYP_0218,Food Poisoning,abdominal pain vomiting diarrhea nausea food poisoning,English,original_english,fyp_original,pending_review,pending_review,original_unreviewed,
FYP_0219,FYP_0219,Food Poisoning,stomach cramps nausea vomiting diarrhea after eating,English,original_english,fyp_original,pending_review,pending_review,original_unreviewed,
FYP_0220,FYP_0220,Food Poisoning,food poisoning vomiting diarrhea nausea stomach cramps,English,original_english,fyp_original,pending_review,pending_review,original_unreviewed,
FYP_0221,FYP_0221,Food Poisoning,قے اسہال متلی پیٹ میں درد کھانے کے بعد,Urdu-script,original_urdu_script,fyp_original,pending_review,pending_review,original_unreviewed,
FYP_0222,FYP_0222,Food Poisoning,متلی قے اسہال پیٹ درد خراب کھانا,Urdu-script,original_urdu_script,fyp_original,pending_review,pending_review,original_unreviewed,
FYP_0223,FYP_0223,Food Poisoning,پیٹ میں درد قے اسہال متلی فوڈ پوائزننگ,Urdu-script,original_urdu_script,fyp_original,pending_review,pending_review,original_unreviewed,
FYP_0224,FYP_0224,Food Poisoning,پیٹ میں مروڑ قے اسہال متلی کھانا کھانے کے بعد,Urdu-script,original_urdu_script,fyp_original,pending_review,pending_review,original_unreviewed,
FYP_0225,FYP_0225,Food Poisoning,فوڈ پوائزننگ قے اسہال پیٹ درد متلی,Urdu-script,original_urdu_script,fyp_original,pending_review,pending_review,original_unreviewed,
FYP_0226,FYP_0226,UTI,burning urination frequent urination lower abdominal pain cloudy urine,English,original_english,fyp_original,pending_review,pending_review,original_unreviewed,
FYP_0227,FYP_0227,UTI,painful urination frequent urge to urinate lower back pain cloudy urine,English,original_english,fyp_original,pending_review,pending_review,original_unreviewed,
FYP_0228,FYP_0228,UTI,burning sensation urination frequent urination abdominal pain,English,original_english,fyp_original,pending_review,pending_review,original_unreviewed,
FYP_0229,FYP_0229,UTI,UTI burning urination frequent urination pelvic pain,English,original_english,fyp_original,pending_review,pending_review,original_unreviewed,
FYP_0230,FYP_0230,UTI,frequent urination burning pain urination cloudy urine UTI,English,original_english,fyp_original,pending_review,pending_review,original_unreviewed,
FYP_0231,FYP_0231,UTI,painful urination frequent urination abdominal pain cloudy urine,English,original_english,fyp_original,pending_review,pending_review,original_unreviewed,
FYP_0232,FYP_0232,UTI,burning urination frequency pelvic pain cloudy urine UTI,English,original_english,fyp_original,pending_review,pending_review,original_unreviewed,
FYP_0233,FYP_0233,UTI,urgent frequent urination burning sensation lower abdominal pain,English,original_english,fyp_original,pending_review,pending_review,original_unreviewed,
FYP_0234,FYP_0234,UTI,UTI frequency burning urination lower back pain,English,original_english,fyp_original,pending_review,pending_review,original_unreviewed,
FYP_0235,FYP_0235,UTI,frequent urination burning pain lower abdominal cloudy urine,English,original_english,fyp_original,pending_review,pending_review,original_unreviewed,
FYP_0236,FYP_0236,UTI,پیشاب میں جلن بار بار پیشاب پیٹ کے نیچے درد,Urdu-script,original_urdu_script,fyp_original,pending_review,pending_review,original_unreviewed,
FYP_0237,FYP_0237,UTI,پیشاب کرتے وقت جلن بار بار پیشاب پیشاب میں بادلاپن,Urdu-script,original_urdu_script,fyp_original,pending_review,pending_review,original_unreviewed,
FYP_0238,FYP_0238,UTI,یورین انفیکشن جلن پیشاب بار بار آنا پیٹ درد,Urdu-script,original_urdu_script,fyp_original,pending_review,pending_review,original_unreviewed,
FYP_0239,FYP_0239,UTI,پیشاب میں تکلیف بار بار پیشاب آنا پیٹ کے نیچے درد,Urdu-script,original_urdu_script,fyp_original,pending_review,pending_review,original_unreviewed,
FYP_0240,FYP_0240,UTI,جلن والا پیشاب بار بار پیشاب پیٹ میں درد بادلا پیشاب,Urdu-script,original_urdu_script,fyp_original,pending_review,pending_review,original_unreviewed,
FYP_0241,FYP_0241,Depression,persistent sadness loss of interest hopelessness sleep problems,English,original_english,fyp_original,pending_review,pending_review,original_unreviewed,
FYP_0242,FYP_0242,Depression,feeling sad worthless no interest activities sleep disturbed,English,original_english,fyp_original,pending_review,pending_review,original_unreviewed,
FYP_0243,FYP_0243,Depression,hopelessness sadness loss of interest fatigue sleep problems,English,original_english,fyp_original,pending_review,pending_review,original_unreviewed,
FYP_0244,FYP_0244,Depression,persistent low mood sadness no interest depression,English,original_english,fyp_original,pending_review,pending_review,original_unreviewed,
FYP_0245,FYP_0245,Depression,sadness hopelessness fatigue loss of interest depression,English,original_english,fyp_original,pending_review,pending_review,original_unreviewed,
FYP_0246,FYP_0246,Depression,feeling worthless sad no motivation sleep disturbed depression,English,original_english,fyp_original,pending_review,pending_review,original_unreviewed,
FYP_0247,FYP_0247,Depression,persistent sadness no interest hopeless fatigue depression,English,original_english,fyp_original,pending_review,pending_review,original_unreviewed,
FYP_0248,FYP_0248,Depression,low mood sadness loss of interest difficulty sleeping,English,original_english,fyp_original,pending_review,pending_review,original_unreviewed,
FYP_0249,FYP_0249,Depression,depression sadness hopeless no motivation sleep problems,English,original_english,fyp_original,pending_review,pending_review,original_unreviewed,
FYP_0250,FYP_0250,Depression,feeling empty sad no interest fatigue sleep disturbance,English,original_english,fyp_original,pending_review,pending_review,original_unreviewed,
FYP_0251,FYP_0251,Depression,مسلسل اداسی کسی چیز میں دلچسپی نہ ہونا ناامیدی نیند کی پریشانی,Urdu-script,original_urdu_script,fyp_original,pending_review,pending_review,original_unreviewed,
FYP_0252,FYP_0252,Depression,اداسی بے کاری نیند میں مسئلہ کچھ اچھا نہ لگنا,Urdu-script,original_urdu_script,fyp_original,pending_review,pending_review,original_unreviewed,
FYP_0253,FYP_0253,Depression,ناامیدی اداسی تھکاوٹ دلچسپی کا نہ ہونا ڈپریشن,Urdu-script,original_urdu_script,fyp_original,pending_review,pending_review,original_unreviewed,
FYP_0254,FYP_0254,Depression,مسلسل اداسی ناامیدی کسی کام میں دل نہ لگنا,Urdu-script,original_urdu_script,fyp_original,pending_review,pending_review,original_unreviewed,
FYP_0255,FYP_0255,Depression,ڈپریشن اداسی تھکاوٹ دلچسپی نہ ہونا نیند نہ آنا,Urdu-script,original_urdu_script,fyp_original,pending_review,pending_review,original_unreviewed,
FYP_0256,FYP_0256,Anxiety Disorder,excessive worry panic attacks heart racing shortness of breath,English,original_english,fyp_original,pending_review,pending_review,original_unreviewed,
FYP_0257,FYP_0257,Anxiety Disorder,constant worry anxiety panic shortness of breath restless,English,original_english,fyp_original,pending_review,pending_review,original_unreviewed,
FYP_0258,FYP_0258,Anxiety Disorder,anxiety panic attacks racing heart sweating worry,English,original_english,fyp_original,pending_review,pending_review,original_unreviewed,
FYP_0259,FYP_0259,Anxiety Disorder,excessive anxiety worry restlessness panic attack,English,original_english,fyp_original,pending_review,pending_review,original_unreviewed,
FYP_0260,FYP_0260,Anxiety Disorder,anxiety worry heart pounding breathless panic,English,original_english,fyp_original,pending_review,pending_review,original_unreviewed,
FYP_0261,FYP_0261,Anxiety Disorder,constant worrying panic attack racing heart anxiety,English,original_english,fyp_original,pending_review,pending_review,original_unreviewed,
FYP_0262,FYP_0262,Anxiety Disorder,anxiety excessive worry shortness of breath palpitations,English,original_english,fyp_original,pending_review,pending_review,original_unreviewed,
FYP_0263,FYP_0263,Anxiety Disorder,panic attacks anxiety restlessness heart pounding,English,original_english,fyp_original,pending_review,pending_review,original_unreviewed,
FYP_0264,FYP_0264,Anxiety Disorder,anxiety disorder worry panic breathless heart racing,English,original_english,fyp_original,pending_review,pending_review,original_unreviewed,
FYP_0265,FYP_0265,Anxiety Disorder,excessive anxiety worry panic attacks sweating,English,original_english,fyp_original,pending_review,pending_review,original_unreviewed,
FYP_0266,FYP_0266,Anxiety Disorder,ضرورت سے زیادہ فکر گھبراہٹ دل تیز چلنا سانس پھولنا,Urdu-script,original_urdu_script,fyp_original,pending_review,pending_review,original_unreviewed,
FYP_0267,FYP_0267,Anxiety Disorder,مسلسل فکر گھبراہٹ کا دورہ سانس لینے میں دشواری,Urdu-script,original_urdu_script,fyp_original,pending_review,pending_review,original_unreviewed,
FYP_0268,FYP_0268,Anxiety Disorder,اینگزائٹی گھبراہٹ دل کا تیز چلنا پسینہ فکر,Urdu-script,original_urdu_script,fyp_original,pending_review,pending_review,original_unreviewed,
FYP_0269,FYP_0269,Anxiety Disorder,پریشانی گھبراہٹ کا دورہ دل تیز دھڑکنا,Urdu-script,original_urdu_script,fyp_original,pending_review,pending_review,original_unreviewed,
FYP_0270,FYP_0270,Anxiety Disorder,فکر گھبراہٹ دل دھڑکنا سانس پھولنا,Urdu-script,original_urdu_script,fyp_original,pending_review,pending_review,original_unreviewed,
FYP_0271,FYP_0271,Tonsillitis,severe sore throat difficulty swallowing fever swollen tonsils,English,original_english,fyp_original,pending_review,pending_review,original_unreviewed,
FYP_0272,FYP_0272,Tonsillitis,painful throat swollen tonsils fever difficulty eating,English,original_english,fyp_original,pending_review,pending_review,original_unreviewed,
FYP_0273,FYP_0273,Tonsillitis,sore throat swollen glands fever tonsillitis pain swallowing,English,original_english,fyp_original,pending_review,pending_review,original_unreviewed,
FYP_0274,FYP_0274,Tonsillitis,throat pain swollen tonsils fever difficulty swallowing,English,original_english,fyp_original,pending_review,pending_review,original_unreviewed,
FYP_0275,FYP_0275,Tonsillitis,severe sore throat tonsils swollen painful fever,English,original_english,fyp_original,pending_review,pending_review,original_unreviewed,
FYP_0276,FYP_0276,Tonsillitis,tonsillitis sore throat swollen tonsils fever swallowing painful,English,original_english,fyp_original,pending_review,pending_review,original_unreviewed,
FYP_0277,FYP_0277,Tonsillitis,painful swollen tonsils sore throat fever difficulty swallowing,English,original_english,fyp_original,pending_review,pending_review,original_unreviewed,
FYP_0278,FYP_0278,Tonsillitis,throat pain fever swollen tonsils tonsillitis,English,original_english,fyp_original,pending_review,pending_review,original_unreviewed,
FYP_0279,FYP_0279,Tonsillitis,sore throat swollen tonsils difficulty swallowing fever,English,original_english,fyp_original,pending_review,pending_review,original_unreviewed,
FYP_0280,FYP_0280,Tonsillitis,swollen painful tonsils sore throat fever tonsillitis,English,original_english,fyp_original,pending_review,pending_review,original_unreviewed,
FYP_0281,FYP_0281,Tonsillitis,گلے میں شدید درد ٹانسل کی سوجن بخار نگلنے میں دشواری,Urdu-script,original_urdu_script,fyp_original,pending_review,pending_review,original_unreviewed,
FYP_0282,FYP_0282,Tonsillitis,گلے میں تکلیف ٹانسل سوجنا بخار کھانا نگلنے میں مشکل,Urdu-script,original_urdu_script,fyp_original,pending_review,pending_review,original_unreviewed,
FYP_0283,FYP_0283,Tonsillitis,ٹانسل کا درد سوجنا بخار نگلنے میں دشواری,Urdu-script,original_urdu_script,fyp_original,pending_review,pending_review,original_unreviewed,
FYP_0284,FYP_0284,Tonsillitis,گلے میں درد ٹانسل کی سوجن بخار ٹانسلائٹس,Urdu-script,original_urdu_script,fyp_original,pending_review,pending_review,original_unreviewed,
FYP_0285,FYP_0285,Tonsillitis,شدید گلے کا درد ٹانسل سوجنا نگلنے میں تکلیف,Urdu-script,original_urdu_script,fyp_original,pending_review,pending_review,original_unreviewed,
FYP_0286,FYP_0286,Allergic Rhinitis,runny nose sneezing itchy eyes nasal congestion allergy,English,original_english,fyp_original,pending_review,pending_review,original_unreviewed,
FYP_0287,FYP_0287,Allergic Rhinitis,sneezing itchy eyes runny nose nasal congestion allergic,English,original_english,fyp_original,pending_review,pending_review,original_unreviewed,
FYP_0288,FYP_0288,Allergic Rhinitis,allergic rhinitis sneezing runny nose itchy eyes congestion,English,original_english,fyp_original,pending_review,pending_review,original_unreviewed,
FYP_0289,FYP_0289,Allergic Rhinitis,nasal allergy sneezing itchy nose eyes runny nose,English,original_english,fyp_original,pending_review,pending_review,original_unreviewed,
FYP_0290,FYP_0290,Allergic Rhinitis,sneezing runny nose itchy eyes allergy rhinitis,English,original_english,fyp_original,pending_review,pending_review,original_unreviewed,
FYP_0291,FYP_0291,Allergic Rhinitis,itchy nose eyes sneezing runny nose allergic rhinitis,English,original_english,fyp_original,pending_review,pending_review,original_unreviewed,
FYP_0292,FYP_0292,Allergic Rhinitis,nasal congestion sneezing itchy eyes runny nose allergy,English,original_english,fyp_original,pending_review,pending_review,original_unreviewed,
FYP_0293,FYP_0293,Allergic Rhinitis,allergic rhinitis sneezing itchy eyes runny nose congestion,English,original_english,fyp_original,pending_review,pending_review,original_unreviewed,
FYP_0294,FYP_0294,Allergic Rhinitis,itchy eyes nose sneezing runny nose allergic,English,original_english,fyp_original,pending_review,pending_review,original_unreviewed,
FYP_0295,FYP_0295,Allergic Rhinitis,sneezing itchy eyes nasal congestion runny nose allergy,English,original_english,fyp_original,pending_review,pending_review,original_unreviewed,
FYP_0296,FYP_0296,Allergic Rhinitis,چھینکیں آنا آنکھوں میں کھجلی ناک بہنا الرجی ناک بند,Urdu-script,original_urdu_script,fyp_original,pending_review,pending_review,original_unreviewed,
FYP_0297,FYP_0297,Allergic Rhinitis,الرجک رائنائٹس چھینکیں آنکھوں میں کھجلی ناک بند,Urdu-script,original_urdu_script,fyp_original,pending_review,pending_review,original_unreviewed,
FYP_0298,FYP_0298,Allergic Rhinitis,ناک کی الرجی چھینکیں آنکھوں میں کھجلی ناک بہنا,Urdu-script,original_urdu_script,fyp_original,pending_review,pending_review,original_unreviewed,
FYP_0299,FYP_0299,Allergic Rhinitis,چھینکیں آنکھوں میں کھجلی ناک بہنا ناک بند الرجی,Urdu-script,original_urdu_script,fyp_original,pending_review,pending_review,original_unreviewed,
FYP_0300,FYP_0300,Allergic Rhinitis,الرجی چھینکیں ناک بہنا آنکھوں میں کھجلی,Urdu-script,original_urdu_script,fyp_original,pending_review,pending_review,original_unreviewed,
FYP_0301,FYP_0301,Gastritis,stomach pain after eating nausea bloating burning sensation,English,original_english,fyp_original,pending_review,pending_review,original_unreviewed,
FYP_0302,FYP_0302,Gastritis,abdominal pain nausea vomiting bloating acidity heartburn,English,original_english,fyp_original,pending_review,pending_review,original_unreviewed,
FYP_0303,FYP_0303,Gastritis,stomach discomfort nausea bloating burning after eating,English,original_english,fyp_original,pending_review,pending_review,original_unreviewed,
FYP_0304,FYP_0304,Gastritis,upper abdominal pain nausea bloating heartburn gastritis,English,original_english,fyp_original,pending_review,pending_review,original_unreviewed,
FYP_0305,FYP_0305,Gastritis,stomach burning nausea bloating pain after eating,English,original_english,fyp_original,pending_review,pending_review,original_unreviewed,
FYP_0306,FYP_0306,Gastritis,gastritis stomach pain burning nausea bloating,English,original_english,fyp_original,pending_review,pending_review,original_unreviewed,
FYP_0307,FYP_0307,Gastritis,abdominal discomfort nausea bloating burning sensation gastritis,English,original_english,fyp_original,pending_review,pending_review,original_unreviewed,
FYP_0308,FYP_0308,Gastritis,stomach pain after eating bloating nausea heartburn,English,original_english,fyp_original,pending_review,pending_review,original_unreviewed,
FYP_0309,FYP_0309,Gastritis,gastritis burning stomach pain nausea bloating,English,original_english,fyp_original,pending_review,pending_review,original_unreviewed,
FYP_0310,FYP_0310,Gastritis,upper stomach pain burning nausea bloating gastritis,English,original_english,fyp_original,pending_review,pending_review,original_unreviewed,
FYP_0311,FYP_0311,Gastritis,کھانے کے بعد پیٹ میں درد متلی پیٹ پھولنا جلن,Urdu-script,original_urdu_script,fyp_original,pending_review,pending_review,original_unreviewed,
FYP_0312,FYP_0312,Gastritis,پیٹ میں درد متلی پھولنا جلن تیزابیت,Urdu-script,original_urdu_script,fyp_original,pending_review,pending_review,original_unreviewed,
FYP_0313,FYP_0313,Gastritis,پیٹ میں جلن متلی پھولنا کھانے کے بعد درد گیسٹرائٹس,Urdu-script,original_urdu_script,fyp_original,pending_review,pending_review,original_unreviewed,
FYP_0314,FYP_0314,Gastritis,اوپری پیٹ میں درد جلن متلی پھولنا,Urdu-script,original_urdu_script,fyp_original,pending_review,pending_review,original_unreviewed,
FYP_0315,FYP_0315,Gastritis,پیٹ میں جلن درد متلی پھولنا گیسٹرائٹس,Urdu-script,original_urdu_script,fyp_original,pending_review,pending_review,original_unreviewed,
FYP_0316,FYP_0316,Back Pain,lower back pain after lifting cannot stand straight,English,original_english,fyp_original,pending_review,pending_review,original_unreviewed,
FYP_0317,FYP_0317,Back Pain,severe lower back pain stiffness cannot bend,English,original_english,fyp_original,pending_review,pending_review,original_unreviewed,
FYP_0318,FYP_0318,Back Pain,back pain radiating to leg sciatica lower back,English,original_english,fyp_original,pending_review,pending_review,original_unreviewed,
FYP_0319,FYP_0319,Back Pain,chronic lower back pain stiffness morning worse,English,original_english,fyp_original,pending_review,pending_review,original_unreviewed,
FYP_0320,FYP_0320,Back Pain,lower back pain muscle spasm cannot move properly,English,original_english,fyp_original,pending_review,pending_review,original_unreviewed,
FYP_0321,FYP_0321,Back Pain,back pain radiating leg numbness sciatica,English,original_english,fyp_original,pending_review,pending_review,original_unreviewed,
FYP_0322,FYP_0322,Back Pain,lower back stiffness pain after sitting long time,English,original_english,fyp_original,pending_review,pending_review,original_unreviewed,
FYP_0323,FYP_0323,Back Pain,severe back pain cannot lift anything stiffness,English,original_english,fyp_original,pending_review,pending_review,original_unreviewed,
FYP_0324,FYP_0324,Back Pain,back pain worse in morning stiffness lower back,English,original_english,fyp_original,pending_review,pending_review,original_unreviewed,
FYP_0325,FYP_0325,Back Pain,chronic back pain lower back stiffness muscle ache,English,original_english,fyp_original,pending_review,pending_review,original_unreviewed,
FYP_0326,FYP_0326,Back Pain,کمر کے نیچے درد اٹھانے کے بعد سیدھا کھڑا نہ ہو سکنا,Urdu-script,original_urdu_script,fyp_original,pending_review,pending_review,original_unreviewed,
FYP_0327,FYP_0327,Back Pain,شدید کمر درد اکڑاہٹ جھکنے میں دشواری,Urdu-script,original_urdu_script,fyp_original,pending_review,pending_review,original_unreviewed,
FYP_0328,FYP_0328,Back Pain,کمر سے ٹانگ تک درد جانا سائیٹیکا کمر درد,Urdu-script,original_urdu_script,fyp_original,pending_review,pending_review,original_unreviewed,
FYP_0329,FYP_0329,Back Pain,دائمی کمر درد اکڑاہٹ صبح کو زیادہ,Urdu-script,original_urdu_script,fyp_original,pending_review,pending_review,original_unreviewed,
FYP_0330,FYP_0330,Back Pain,کمر درد ٹانگ میں سن ہونا سائیٹیکا,Urdu-script,original_urdu_script,fyp_original,pending_review,pending_review,original_unreviewed,
FYP_0331,FYP_0331,Anemia,fatigue weakness pale skin dizziness shortness of breath,English,original_english,fyp_original,pending_review,pending_review,original_unreviewed,
FYP_0332,FYP_0332,Anemia,tiredness weakness pallor dizziness breathlessness anemia,English,original_english,fyp_original,pending_review,pending_review,original_unreviewed,
FYP_0333,FYP_0333,Anemia,extreme fatigue pale skin dizziness headache weakness,English,original_english,fyp_original,pending_review,pending_review,original_unreviewed,
FYP_0334,FYP_0334,Anemia,weakness tiredness pale nails skin dizziness anemia,English,original_english,fyp_original,pending_review,pending_review,original_unreviewed,
FYP_0335,FYP_0335,Anemia,fatigue dizziness pale skin shortness of breath anemia,English,original_english,fyp_original,pending_review,pending_review,original_unreviewed,
FYP_0336,FYP_0336,Anemia,anemia weakness fatigue pale skin dizziness breathlessness,English,original_english,fyp_original,pending_review,pending_review,original_unreviewed,
FYP_0337,FYP_0337,Anemia,tired weak pale skin dizzy shortness of breath,English,original_english,fyp_original,pending_review,pending_review,original_unreviewed,
FYP_0338,FYP_0338,Anemia,extreme tiredness weakness pale nails dizziness anemia,English,original_english,fyp_original,pending_review,pending_review,original_unreviewed,
FYP_0339,FYP_0339,Anemia,fatigue weakness pale skin breathlessness dizziness,English,original_english,fyp_original,pending_review,pending_review,original_unreviewed,
FYP_0340,FYP_0340,Anemia,anemia fatigue dizziness pale skin weakness,English,original_english,fyp_original,pending_review,pending_review,original_unreviewed,
FYP_0341,FYP_0341,Anemia,شدید تھکاوٹ کمزوری پیلا رنگ چکر سانس پھولنا خون کی کمی,Urdu-script,original_urdu_script,fyp_original,pending_review,pending_review,original_unreviewed,
FYP_0342,FYP_0342,Anemia,خون کی کمی کمزوری تھکاوٹ پیلا چہرہ چکر آنا,Urdu-script,original_urdu_script,fyp_original,pending_review,pending_review,original_unreviewed,
FYP_0343,FYP_0343,Anemia,انیمیا تھکاوٹ کمزوری پیلی جلد چکر سانس پھولنا,Urdu-script,original_urdu_script,fyp_original,pending_review,pending_review,original_unreviewed,
FYP_0344,FYP_0344,Anemia,کمزوری تھکاوٹ پیلے ناخن پیلا چہرہ چکر خون کی کمی,Urdu-script,original_urdu_script,fyp_original,pending_review,pending_review,original_unreviewed,
FYP_0345,FYP_0345,Anemia,خون کی کمی تھکاوٹ کمزوری پیلا رنگ سانس پھولنا,Urdu-script,original_urdu_script,fyp_original,pending_review,pending_review,original_unreviewed,
FYP_0346,FYP_0346,Arthritis,joint pain swelling stiffness morning worse difficulty moving,English,original_english,fyp_original,pending_review,pending_review,original_unreviewed,
FYP_0347,FYP_0347,Arthritis,painful swollen joints stiffness arthritis,English,original_english,fyp_original,pending_review,pending_review,original_unreviewed,
FYP_0348,FYP_0348,Arthritis,joint swelling pain stiffness difficulty walking,English,original_english,fyp_original,pending_review,pending_review,original_unreviewed,
FYP_0349,FYP_0349,Arthritis,arthritis joint pain stiffness morning swelling,English,original_english,fyp_original,pending_review,pending_review,original_unreviewed,
FYP_0350,FYP_0350,Arthritis,stiff painful joints swelling difficulty movement arthritis,English,original_english,fyp_original,pending_review,pending_review,original_unreviewed,
FYP_0351,FYP_0351,Arthritis,joint pain swelling stiffness reduced movement arthritis,English,original_english,fyp_original,pending_review,pending_review,original_unreviewed,
FYP_0352,FYP_0352,Arthritis,painful joints stiffness swelling difficulty moving,English,original_english,fyp_original,pending_review,pending_review,original_unreviewed,
FYP_0353,FYP_0353,Arthritis,arthritis stiff swollen joints morning pain,English,original_english,fyp_original,pending_review,pending_review,original_unreviewed,
FYP_0354,FYP_0354,Arthritis,joint pain stiffness swelling arthritis difficulty moving,English,original_english,fyp_original,pending_review,pending_review,original_unreviewed,
FYP_0355,FYP_0355,Arthritis,stiff swollen painful joints arthritis morning worse,English,original_english,fyp_original,pending_review,pending_review,original_unreviewed,
FYP_0356,FYP_0356,Arthritis,جوڑوں میں درد سوجن اکڑاہٹ چلنے میں دشواری,Urdu-script,original_urdu_script,fyp_original,pending_review,pending_review,original_unreviewed,
FYP_0357,FYP_0357,Arthritis,جوڑوں میں درد سوجن اکڑاہٹ گٹھیا,Urdu-script,original_urdu_script,fyp_original,pending_review,pending_review,original_unreviewed,
FYP_0358,FYP_0358,Arthritis,گٹھیا جوڑوں میں درد سوجن اکڑاہٹ صبح زیادہ,Urdu-script,original_urdu_script,fyp_original,pending_review,pending_review,original_unreviewed,
FYP_0359,FYP_0359,Arthritis,جوڑوں کا درد سوجن اکڑاہٹ حرکت میں دشواری گٹھیا,Urdu-script,original_urdu_script,fyp_original,pending_review,pending_review,original_unreviewed,
FYP_0360,FYP_0360,Arthritis,گٹھیا دردناک سوجے ہوئے جوڑ صبح اکڑاہٹ,Urdu-script,original_urdu_script,fyp_original,pending_review,pending_review,original_unreviewed,
FYP_0361,FYP_0361,Tuberculosis,persistent cough blood in sputum night sweats weight loss,English,original_english,fyp_original,pending_review,pending_review,original_unreviewed,
FYP_0362,FYP_0362,Tuberculosis,chronic cough coughing blood weight loss night sweats fever,English,original_english,fyp_original,pending_review,pending_review,original_unreviewed,
FYP_0363,FYP_0363,Tuberculosis,TB cough with blood night sweats weight loss fatigue,English,original_english,fyp_original,pending_review,pending_review,original_unreviewed,
FYP_0364,FYP_0364,Tuberculosis,prolonged cough sputum blood weight loss night sweats,English,original_english,fyp_original,pending_review,pending_review,original_unreviewed,
FYP_0365,FYP_0365,Tuberculosis,coughing blood weight loss night sweats fever tuberculosis,English,original_english,fyp_original,pending_review,pending_review,original_unreviewed,
FYP_0366,FYP_0366,Tuberculosis,TB persistent cough blood sputum weight loss fever,English,original_english,fyp_original,pending_review,pending_review,original_unreviewed,
FYP_0367,FYP_0367,Tuberculosis,chronic cough night sweats weight loss coughing blood,English,original_english,fyp_original,pending_review,pending_review,original_unreviewed,
FYP_0368,FYP_0368,Tuberculosis,tuberculosis cough blood night sweats weight loss,English,original_english,fyp_original,pending_review,pending_review,original_unreviewed,
FYP_0369,FYP_0369,Tuberculosis,persistent productive cough blood night sweats weight loss,English,original_english,fyp_original,pending_review,pending_review,original_unreviewed,
FYP_0370,FYP_0370,Tuberculosis,TB cough blood sputum night sweats weight loss fever,English,original_english,fyp_original,pending_review,pending_review,original_unreviewed,
FYP_0371,FYP_0371,Tuberculosis,مسلسل کھانسی خون آنا رات کو پسینہ وزن کم ہونا,Urdu-script,original_urdu_script,fyp_original,pending_review,pending_review,original_unreviewed,
FYP_0372,FYP_0372,Tuberculosis,ٹی بی کھانسی خون رات کو پسینہ وزن کم ہونا بخار,Urdu-script,original_urdu_script,fyp_original,pending_review,pending_review,original_unreviewed,
FYP_0373,FYP_0373,Tuberculosis,طویل کھانسی بلغم میں خون رات کو پسینہ وزن کم ہونا,Urdu-script,original_urdu_script,fyp_original,pending_review,pending_review,original_unreviewed,
FYP_0374,FYP_0374,Tuberculosis,تپ دق کھانسی خون پسینہ وزن کم ہونا تھکاوٹ,Urdu-script,original_urdu_script,fyp_original,pending_review,pending_review,original_unreviewed,
FYP_0375,FYP_0375,Tuberculosis,کھانسی میں خون رات کو پسینہ وزن کم ہونا بخار ٹی بی,Urdu-script,original_urdu_script,fyp_original,pending_review,pending_review,original_unreviewed,
FYP_0376,FYP_0376,Kidney Disease,lower back pain swelling feet decreased urination,English,original_english,fyp_original,pending_review,pending_review,original_unreviewed,
FYP_0377,FYP_0377,Kidney Disease,back pain ankle swelling decreased urine kidney problem,English,original_english,fyp_original,pending_review,pending_review,original_unreviewed,
FYP_0378,FYP_0378,Kidney Disease,swollen feet ankles decreased urination back pain kidney,English,original_english,fyp_original,pending_review,pending_review,original_unreviewed,
FYP_0379,FYP_0379,Kidney Disease,kidney pain swollen feet decreased urine fatigue,English,original_english,fyp_original,pending_review,pending_review,original_unreviewed,
FYP_0380,FYP_0380,Kidney Disease,back flank pain swelling feet decreased urination kidney,English,original_english,fyp_original,pending_review,pending_review,original_unreviewed,
FYP_0381,FYP_0381,Kidney Disease,kidney disease swollen feet ankles back pain decreased urine,English,original_english,fyp_original,pending_review,pending_review,original_unreviewed,
FYP_0382,FYP_0382,Kidney Disease,flank pain feet swelling less urination kidney,English,original_english,fyp_original,pending_review,pending_review,original_unreviewed,
FYP_0383,FYP_0383,Kidney Disease,back pain swelling decreased urination kidney disease,English,original_english,fyp_original,pending_review,pending_review,original_unreviewed,
FYP_0384,FYP_0384,Kidney Disease,kidney problem swollen feet back pain urination decreased,English,original_english,fyp_original,pending_review,pending_review,original_unreviewed,
FYP_0385,FYP_0385,Kidney Disease,decreased urination swollen feet back pain kidney disease,English,original_english,fyp_original,pending_review,pending_review,original_unreviewed,
FYP_0386,FYP_0386,Kidney Disease,کمر میں درد پاؤں سوجنا پیشاب کم ہونا گردے کا مسئلہ,Urdu-script,original_urdu_script,fyp_original,pending_review,pending_review,original_unreviewed,
FYP_0387,FYP_0387,Kidney Disease,گردے کا مسئلہ پاؤں ٹخنوں میں سوجن کمر درد پیشاب کم,Urdu-script,original_urdu_script,fyp_original,pending_review,pending_review,original_unreviewed,
FYP_0388,FYP_0388,Kidney Disease,گردے کا درد سوجے پاؤں پیشاب کم تھکاوٹ,Urdu-script,original_urdu_script,fyp_original,pending_review,pending_review,original_unreviewed,
FYP_0389,FYP_0389,Kidney Disease,کمر میں درد پاؤں سوجنا پیشاب کم ہونا گردے,Urdu-script,original_urdu_script,fyp_original,pending_review,pending_review,original_unreviewed,
FYP_0390,FYP_0390,Kidney Disease,گردے کی بیماری پاؤں سوجنا کمر درد پیشاب کم ہونا,Urdu-script,original_urdu_script,fyp_original,pending_review,pending_review,original_unreviewed,
FYP_0391,FYP_0391,Hepatitis,jaundice yellow skin eyes abdominal pain fatigue,English,original_english,fyp_original,pending_review,pending_review,original_unreviewed,
FYP_0392,FYP_0392,Hepatitis,yellow skin eyes dark urine fatigue abdominal pain hepatitis,English,original_english,fyp_original,pending_review,pending_review,original_unreviewed,
FYP_0393,FYP_0393,Hepatitis,jaundice dark urine fatigue nausea hepatitis,English,original_english,fyp_original,pending_review,pending_review,original_unreviewed,
FYP_0394,FYP_0394,Hepatitis,yellow eyes skin fatigue abdominal pain dark urine,English,original_english,fyp_original,pending_review,pending_review,original_unreviewed,
FYP_0395,FYP_0395,Hepatitis,hepatitis jaundice yellow skin eyes dark urine fatigue,English,original_english,fyp_original,pending_review,pending_review,original_unreviewed,
FYP_0396,FYP_0396,Hepatitis,yellowing skin eyes dark urine fatigue nausea hepatitis,English,original_english,fyp_original,pending_review,pending_review,original_unreviewed,
FYP_0397,FYP_0397,Hepatitis,jaundice dark urine abdominal pain fatigue hepatitis,English,original_english,fyp_original,pending_review,pending_review,original_unreviewed,
FYP_0398,FYP_0398,Hepatitis,yellow skin eyes hepatitis fatigue abdominal pain,English,original_english,fyp_original,pending_review,pending_review,original_unreviewed,
FYP_0399,FYP_0399,Hepatitis,hepatitis jaundice fatigue dark urine abdominal pain,English,original_english,fyp_original,pending_review,pending_review,original_unreviewed,
FYP_0400,FYP_0400,Hepatitis,yellow skin dark urine fatigue nausea hepatitis,English,original_english,fyp_original,pending_review,pending_review,original_unreviewed,
FYP_0401,FYP_0401,Hepatitis,یرقان پیلی جلد آنکھیں گہرا پیشاب تھکاوٹ پیٹ درد,Urdu-script,original_urdu_script,fyp_original,pending_review,pending_review,original_unreviewed,
FYP_0402,FYP_0402,Hepatitis,ہیپاٹائٹس پیلا رنگ آنکھیں گہرا پیشاب تھکاوٹ,Urdu-script,original_urdu_script,fyp_original,pending_review,pending_review,original_unreviewed,
FYP_0403,FYP_0403,Hepatitis,یرقان گہرا پیشاب تھکاوٹ متلی ہیپاٹائٹس,Urdu-script,original_urdu_script,fyp_original,pending_review,pending_review,original_unreviewed,
FYP_0404,FYP_0404,Hepatitis,پیلی آنکھیں جلد تھکاوٹ پیٹ درد گہرا پیشاب,Urdu-script,original_urdu_script,fyp_original,pending_review,pending_review,original_unreviewed,
FYP_0405,FYP_0405,Hepatitis,ہیپاٹائٹس یرقان تھکاوٹ گہرا پیشاب پیٹ درد,Urdu-script,original_urdu_script,fyp_original,pending_review,pending_review,original_unreviewed,
FYP_0406,FYP_0406,Psoriasis,red scaly patches skin itchy thick scales psoriasis,English,original_english,fyp_original,pending_review,pending_review,original_unreviewed,
FYP_0407,FYP_0407,Psoriasis,scaly red skin patches psoriasis itchy thick plaques,English,original_english,fyp_original,pending_review,pending_review,original_unreviewed,
FYP_0408,FYP_0408,Psoriasis,psoriasis red scaly patches skin itching,English,original_english,fyp_original,pending_review,pending_review,original_unreviewed,
FYP_0409,FYP_0409,Psoriasis,thick scaly red patches skin psoriasis itching,English,original_english,fyp_original,pending_review,pending_review,original_unreviewed,
FYP_0410,FYP_0410,Psoriasis,psoriasis itchy red scaly skin patches,English,original_english,fyp_original,pending_review,pending_review,original_unreviewed,
FYP_0411,FYP_0411,Psoriasis,red patches thick scales itching psoriasis skin,English,original_english,fyp_original,pending_review,pending_review,original_unreviewed,
FYP_0412,FYP_0412,Psoriasis,scaly skin patches psoriasis red itchy thick,English,original_english,fyp_original,pending_review,pending_review,original_unreviewed,
FYP_0413,FYP_0413,Psoriasis,psoriasis scaly red patches itchy skin,English,original_english,fyp_original,pending_review,pending_review,original_unreviewed,
FYP_0414,FYP_0414,Psoriasis,itchy thick scaly red skin patches psoriasis,English,original_english,fyp_original,pending_review,pending_review,original_unreviewed,
FYP_0415,FYP_0415,Psoriasis,psoriasis red scaly itchy patches skin,English,original_english,fyp_original,pending_review,pending_review,original_unreviewed,
FYP_0416,FYP_0416,Psoriasis,جلد پر سرخ کھردرے دھبے کھجلی موٹی پرت صدفیہ,Urdu-script,original_urdu_script,fyp_original,pending_review,pending_review,original_unreviewed,
FYP_0417,FYP_0417,Psoriasis,صدفیہ سرخ کھردری جلد کھجلی,Urdu-script,original_urdu_script,fyp_original,pending_review,pending_review,original_unreviewed,
FYP_0418,FYP_0418,Psoriasis,جلد پر موٹی کھردری پرت صدفیہ کھجلی,Urdu-script,original_urdu_script,fyp_original,pending_review,pending_review,original_unreviewed,
FYP_0419,FYP_0419,Psoriasis,سرخ کھردرے دھبے جلد کھجلی صدفیہ,Urdu-script,original_urdu_script,fyp_original,pending_review,pending_review,original_unreviewed,
FYP_0420,FYP_0420,Psoriasis,صدفیہ جلد پر کھردرے سرخ دھبے کھجلی,Urdu-script,original_urdu_script,fyp_original,pending_review,pending_review,original_unreviewed,
FYP_0421,FYP_0421,Shingles,painful rash one side body blisters nerve pain shingles,English,original_english,fyp_original,pending_review,pending_review,original_unreviewed,
FYP_0422,FYP_0422,Shingles,burning rash blisters one side body nerve pain shingles,English,original_english,fyp_original,pending_review,pending_review,original_unreviewed,
FYP_0423,FYP_0423,Shingles,shingles painful rash blisters one side body,English,original_english,fyp_original,pending_review,pending_review,original_unreviewed,
FYP_0424,FYP_0424,Shingles,painful blisters rash one side nerve pain shingles,English,original_english,fyp_original,pending_review,pending_review,original_unreviewed,
FYP_0425,FYP_0425,Shingles,shingles nerve pain burning rash blisters one side,English,original_english,fyp_original,pending_review,pending_review,original_unreviewed,
FYP_0426,FYP_0426,Shingles,blisters painful rash one side shingles burning,English,original_english,fyp_original,pending_review,pending_review,original_unreviewed,
FYP_0427,FYP_0427,Shingles,shingles painful rash one side blisters nerve pain,English,original_english,fyp_original,pending_review,pending_review,original_unreviewed,
FYP_0428,FYP_0428,Shingles,burning nerve pain rash blisters one side shingles,English,original_english,fyp_original,pending_review,pending_review,original_unreviewed,
FYP_0429,FYP_0429,Shingles,painful shingles rash blisters one side body,English,original_english,fyp_original,pending_review,pending_review,original_unreviewed,
FYP_0430,FYP_0430,Shingles,shingles burning rash nerve pain blisters one side,English,original_english,fyp_original,pending_review,pending_review,original_unreviewed,
FYP_0431,FYP_0431,Shingles,جسم کے ایک طرف دردناک خارش چھالے اعصابی درد,Urdu-script,original_urdu_script,fyp_original,pending_review,pending_review,original_unreviewed,
FYP_0432,FYP_0432,Shingles,دردناک خارش چھالے ایک طرف اعصابی درد شنگلز,Urdu-script,original_urdu_script,fyp_original,pending_review,pending_review,original_unreviewed,
FYP_0433,FYP_0433,Shingles,شنگلز ایک طرف خارش چھالے جلن اعصابی درد,Urdu-script,original_urdu_script,fyp_original,pending_review,pending_review,original_unreviewed,
FYP_0434,FYP_0434,Shingles,جسم ایک طرف جلن خارش چھالے اعصابی درد شنگلز,Urdu-script,original_urdu_script,fyp_original,pending_review,pending_review,original_unreviewed,
FYP_0435,FYP_0435,Shingles,شنگلز دردناک خارش ایک طرف چھالے,Urdu-script,original_urdu_script,fyp_original,pending_review,pending_review,original_unreviewed,
FYP_0436,FYP_0436,Pediatric Fever,high fever child not eating irritable seizure,English,original_english,fyp_original,pending_review,pending_review,original_unreviewed,
FYP_0437,FYP_0437,Pediatric Fever,baby high fever not drinking irritable febrile seizure,English,original_english,fyp_original,pending_review,pending_review,original_unreviewed,
FYP_0438,FYP_0438,Pediatric Fever,child fever above 39 not eating crying continuously,English,original_english,fyp_original,pending_review,pending_review,original_unreviewed,
FYP_0439,FYP_0439,Pediatric Fever,infant high fever very irritable not feeding,English,original_english,fyp_original,pending_review,pending_review,original_unreviewed,
FYP_0440,FYP_0440,Pediatric Fever,high temperature child irritable not eating,English,original_english,fyp_original,pending_review,pending_review,original_unreviewed,
FYP_0441,FYP_0441,Pediatric Fever,child very high fever seizure not drinking,English,original_english,fyp_original,pending_review,pending_review,original_unreviewed,
FYP_0442,FYP_0442,Pediatric Fever,baby high fever crying irritable not feeding,English,original_english,fyp_original,pending_review,pending_review,original_unreviewed,
FYP_0443,FYP_0443,Pediatric Fever,child fever seizure not eating very irritable,English,original_english,fyp_original,pending_review,pending_review,original_unreviewed,
FYP_0444,FYP_0444,Pediatric Fever,infant high temperature not feeding irritable,English,original_english,fyp_original,pending_review,pending_review,original_unreviewed,
FYP_0445,FYP_0445,Pediatric Fever,child high fever not eating irritable febrile,English,original_english,fyp_original,pending_review,pending_review,original_unreviewed,
FYP_0446,FYP_0446,Pediatric Fever,بچے کو تیز بخار کھانا نہیں کھا رہا چڑچڑا پن دورہ,Urdu-script,original_urdu_script,fyp_original,pending_review,pending_review,original_unreviewed,
FYP_0447,FYP_0447,Pediatric Fever,بچے کو تیز بخار نہیں پی رہا چڑچڑا,Urdu-script,original_urdu_script,fyp_original,pending_review,pending_review,original_unreviewed,
FYP_0448,FYP_0448,Pediatric Fever,بچہ تیز بخار 39 سے اوپر نہیں کھا رہا مسلسل رو رہا,Urdu-script,original_urdu_script,fyp_original,pending_review,pending_review,original_unreviewed,
FYP_0449,FYP_0449,Pediatric Fever,بچہ تیز بخار بہت چڑچڑا نہیں کھا رہا,Urdu-script,original_urdu_script,fyp_original,pending_review,pending_review,original_unreviewed,
FYP_0450,FYP_0450,Pediatric Fever,بچے کو تیز بخار دورہ پڑنا نہیں پی رہا,Urdu-script,original_urdu_script,fyp_original,pending_review,pending_review,original_unreviewed,
FYP_0451,FYP_0451,Malaria,high fever chills sweating headache nausea malaria,English,original_english,fyp_original,pending_review,pending_review,original_unreviewed,
FYP_0452,FYP_0452,Malaria,cyclic fever chills sweating muscle pain malaria,English,original_english,fyp_original,pending_review,pending_review,original_unreviewed,
FYP_0453,FYP_0453,Malaria,fever rigors sweating headache malaria,English,original_english,fyp_original,pending_review,pending_review,original_unreviewed,
FYP_0454,FYP_0454,Malaria,high fever shaking chills sweating malaria,English,original_english,fyp_original,pending_review,pending_review,original_unreviewed,
FYP_0455,FYP_0455,Malaria,malaria fever chills sweating headache nausea,English,original_english,fyp_original,pending_review,pending_review,original_unreviewed,
FYP_0456,FYP_0456,Malaria,cyclical fever chills sweating joint pain malaria,English,original_english,fyp_original,pending_review,pending_review,original_unreviewed,
FYP_0457,FYP_0457,Malaria,fever chills rigors sweating malaria symptoms,English,original_english,fyp_original,pending_review,pending_review,original_unreviewed,
FYP_0458,FYP_0458,Malaria,high fever shaking chills nausea malaria,English,original_english,fyp_original,pending_review,pending_review,original_unreviewed,
FYP_0459,FYP_0459,Malaria,malaria cyclic fever chills sweating,English,original_english,fyp_original,pending_review,pending_review,original_unreviewed,
FYP_0460,FYP_0460,Malaria,fever rigors chills sweating malaria headache,English,original_english,fyp_original,pending_review,pending_review,original_unreviewed,
FYP_0461,FYP_0461,Malaria,تیز بخار ٹھنڈ لگنا پسینہ سر درد متلی ملیریا,Urdu-script,original_urdu_script,fyp_original,pending_review,pending_review,original_unreviewed,
FYP_0462,FYP_0462,Malaria,ملیریا بخار ٹھنڈ لگنا پسینہ سر درد,Urdu-script,original_urdu_script,fyp_original,pending_review,pending_review,original_unreviewed,
FYP_0463,FYP_0463,Malaria,باری کا بخار ٹھنڈ لگنا پسینہ ملیریا,Urdu-script,original_urdu_script,fyp_original,pending_review,pending_review,original_unreviewed,
FYP_0464,FYP_0464,Malaria,تیز بخار کپکپی پسینہ ملیریا,Urdu-script,original_urdu_script,fyp_original,pending_review,pending_review,original_unreviewed,
FYP_0465,FYP_0465,Malaria,ملیریا بخار کپکپی پسینہ سر درد متلی,Urdu-script,original_urdu_script,fyp_original,pending_review,pending_review,original_unreviewed,
