disease,records,percentage
Allergic Rhinitis,15,3.23
Anemia,15,3.23
Anxiety Disorder,15,3.23
Appendicitis,15,3.23
Arthritis,15,3.23
Asthma,15,3.23
Back Pain,15,3.23
Common Cold,15,3.23
Dengue Fever,15,3.23
Depression,15,3.23
Diabetes,15,3.23
Flu,15,3.23
Food Poisoning,14,3.01
Gastritis,15,3.23
Heart Attack,15,3.23
Hepatitis,15,3.23
Hypertension,15,3.23
Kidney Disease,15,3.23
Malaria,15,3.23
Meningitis,15,3.23
Migraine,15,3.23
Pediatric Fever,15,3.23
Pneumonia,15,3.23
Psoriasis,15,3.23
Shingles,15,3.23
Skin Allergy,15,3.23
Stroke,15,3.23
Tonsillitis,15,3.23
Tuberculosis,15,3.23
Typhoid,16,3.44
UTI,15,3.23
